user_id,firstname,lastname,email,birthdate,gender,h_version
1,JAMES,SMITH,SMITH1@gmail.com,1956-07-29,homme,2
2,JOHN,JOHNSON,JOHNSON2@gmail.com,2010-06-22,homme,3
3,ROBERT,WILLIAMS,WILLIAMS3@gmail.com,2000-09-05,homme,2
4,MICHAEL,JONES,JONES4@gmail.com,2011-01-28,homme,3
5,WILLIAM,BROWN,BROWN5@gmail.com,2007-05-10,homme,3
6,DAVID,DAVIS,DAVIS6@gmail.com,2006-06-05,homme,3
7,RICHARD,MILLER,MILLER7@gmail.com,1991-05-23,homme,2
8,CHARLES,WILSON,WILSON8@gmail.com,2002-07-21,homme,2
9,JOSEPH,MOORE,MOORE9@gmail.com,1945-01-17,homme,1
10,THOMAS,TAYLOR,TAYLOR10@gmail.com,1975-05-12,homme,1
11,CHRISTOPHER,ANDERSON,ANDERSON11@gmail.com,1953-08-19,homme,2
12,DANIEL,THOMAS,THOMAS12@gmail.com,1974-05-06,homme,3
13,PAUL,JACKSON,JACKSON13@gmail.com,1948-07-10,homme,1
14,MARK,WHITE,WHITE14@gmail.com,1951-03-03,homme,2
15,DONALD,HARRIS,HARRIS15@gmail.com,1965-02-26,homme,2
16,GEORGE,MARTIN,MARTIN16@gmail.com,1962-12-05,homme,3
17,KENNETH,THOMPSON,THOMPSON17@gmail.com,1992-09-25,homme,1
18,STEVEN,GARCIA,GARCIA18@gmail.com,2009-02-15,homme,3
19,EDWARD,MARTINEZ,MARTINEZ19@gmail.com,2007-05-20,homme,1
20,BRIAN,ROBINSON,ROBINSON20@gmail.com,1981-05-20,homme,2
21,RONALD,CLARK,CLARK21@gmail.com,1988-04-01,homme,2
22,ANTHONY,RODRIGUEZ,RODRIGUEZ22@gmail.com,1932-11-18,homme,1
23,KEVIN,LEWIS,LEWIS23@gmail.com,1985-06-13,homme,2
24,JASON,LEE,LEE24@gmail.com,2001-05-14,homme,2
25,MATTHEW,WALKER,WALKER25@gmail.com,1930-09-20,homme,3
26,GARY,HALL,HALL26@gmail.com,1949-02-15,homme,2
27,TIMOTHY,ALLEN,ALLEN27@gmail.com,1978-04-14,homme,3
28,JOSE,YOUNG,YOUNG28@gmail.com,1946-11-03,homme,2
29,LARRY,HERNANDEZ,HERNANDEZ29@gmail.com,1997-06-19,homme,1
30,JEFFREY,KING,KING30@gmail.com,1936-01-14,homme,2
31,FRANK,WRIGHT,WRIGHT31@gmail.com,1981-08-29,homme,1
32,SCOTT,LOPEZ,LOPEZ32@gmail.com,1937-11-06,homme,1
33,ERIC,HILL,HILL33@gmail.com,1952-08-17,homme,3
34,STEPHEN,SCOTT,SCOTT34@gmail.com,1971-07-16,homme,1
35,ANDREW,GREEN,GREEN35@gmail.com,1970-11-25,homme,2
36,RAYMOND,ADAMS,ADAMS36@gmail.com,1980-05-09,homme,3
37,GREGORY,BAKER,BAKER37@gmail.com,2005-04-24,homme,2
38,JOSHUA,GONZALEZ,GONZALEZ38@gmail.com,1951-02-18,homme,2
39,JERRY,NELSON,NELSON39@gmail.com,1954-03-22,homme,3
40,DENNIS,CARTER,CARTER40@gmail.com,1963-12-20,homme,2
41,WALTER,MITCHELL,MITCHELL41@gmail.com,1982-06-28,homme,1
42,PATRICK,PEREZ,PEREZ42@gmail.com,1931-07-06,homme,3
43,PETER,ROBERTS,ROBERTS43@gmail.com,1951-03-08,homme,3
44,HAROLD,TURNER,TURNER44@gmail.com,2013-01-22,homme,1
45,DOUGLAS,PHILLIPS,PHILLIPS45@gmail.com,1959-02-12,homme,3
46,HENRY,CAMPBELL,CAMPBELL46@gmail.com,2007-04-03,homme,2
47,CARL,PARKER,PARKER47@gmail.com,1999-01-27,homme,1
48,ARTHUR,EVANS,EVANS48@gmail.com,1998-02-05,homme,1
49,RYAN,EDWARDS,EDWARDS49@gmail.com,1938-05-20,homme,2
50,ROGER,COLLINS,COLLINS50@gmail.com,1968-10-04,homme,1
51,JOE,STEWART,STEWART51@gmail.com,1963-09-11,homme,2
52,JUAN,SANCHEZ,SANCHEZ52@gmail.com,1965-03-06,homme,3
53,JACK,MORRIS,MORRIS53@gmail.com,1966-02-15,homme,2
54,ALBERT,ROGERS,ROGERS54@gmail.com,2010-10-09,homme,1
55,JONATHAN,REED,REED55@gmail.com,1957-04-29,homme,3
56,JUSTIN,COOK,COOK56@gmail.com,2006-10-14,homme,3
57,TERRY,MORGAN,MORGAN57@gmail.com,1999-01-27,homme,3
58,GERALD,BELL,BELL58@gmail.com,1930-02-20,homme,1
59,KEITH,MURPHY,MURPHY59@gmail.com,1944-04-11,homme,3
60,SAMUEL,BAILEY,BAILEY60@gmail.com,1984-08-19,homme,3
61,WILLIE,RIVERA,RIVERA61@gmail.com,1955-02-04,homme,1
62,RALPH,COOPER,COOPER62@gmail.com,1952-09-22,homme,2
63,LAWRENCE,RICHARDSON,RICHARDSON63@gmail.com,1945-06-05,homme,2
64,NICHOLAS,COX,COX64@gmail.com,2010-09-13,homme,3
65,ROY,HOWARD,HOWARD65@gmail.com,2006-12-30,homme,1
66,BENJAMIN,WARD,WARD66@gmail.com,1979-06-14,homme,2
67,BRUCE,TORRES,TORRES67@gmail.com,1956-03-16,homme,2
68,BRANDON,PETERSON,PETERSON68@gmail.com,2012-06-15,homme,3
69,ADAM,GRAY,GRAY69@gmail.com,1977-01-20,homme,3
70,HARRY,RAMIREZ,RAMIREZ70@gmail.com,1993-04-22,homme,2
71,FRED,JAMES,JAMES71@gmail.com,1989-04-21,homme,1
72,WAYNE,WATSON,WATSON72@gmail.com,1989-10-28,homme,1
73,BILLY,BROOKS,BROOKS73@gmail.com,2000-02-10,homme,2
74,STEVE,KELLY,KELLY74@gmail.com,1950-06-08,homme,3
75,LOUIS,SANDERS,SANDERS75@gmail.com,1960-12-28,homme,2
76,JEREMY,PRICE,PRICE76@gmail.com,1967-03-17,homme,3
77,AARON,BENNETT,BENNETT77@gmail.com,1939-04-27,homme,3
78,RANDY,WOOD,WOOD78@gmail.com,1948-10-28,homme,1
79,HOWARD,BARNES,BARNES79@gmail.com,1954-08-10,homme,3
80,EUGENE,ROSS,ROSS80@gmail.com,2003-08-07,homme,2
81,CARLOS,HENDERSON,HENDERSON81@gmail.com,1940-04-06,homme,3
82,RUSSELL,COLEMAN,COLEMAN82@gmail.com,2003-03-28,homme,1
83,BOBBY,JENKINS,JENKINS83@gmail.com,1942-03-13,homme,3
84,VICTOR,PERRY,PERRY84@gmail.com,1968-02-05,homme,2
85,MARTIN,POWELL,POWELL85@gmail.com,1941-02-13,homme,1
86,ERNEST,LONG,LONG86@gmail.com,1943-05-22,homme,1
87,PHILLIP,PATTERSON,PATTERSON87@gmail.com,1961-08-30,homme,1
88,TODD,HUGHES,HUGHES88@gmail.com,2006-10-20,homme,3
89,JESSE,FLORES,FLORES89@gmail.com,1961-01-29,homme,3
90,CRAIG,WASHINGTON,WASHINGTON90@gmail.com,1977-04-08,homme,3
91,ALAN,BUTLER,BUTLER91@gmail.com,1949-05-25,homme,1
92,SHAWN,SIMMONS,SIMMONS92@gmail.com,1970-04-05,homme,2
93,CLARENCE,FOSTER,FOSTER93@gmail.com,2006-09-19,homme,1
94,SEAN,GONZALES,GONZALES94@gmail.com,2007-10-10,homme,1
95,PHILIP,BRYANT,BRYANT95@gmail.com,1989-05-03,homme,1
96,CHRIS,ALEXANDER,ALEXANDER96@gmail.com,2002-09-20,homme,1
97,JOHNNY,RUSSELL,RUSSELL97@gmail.com,2008-03-10,homme,1
98,EARL,GRIFFIN,GRIFFIN98@gmail.com,1978-11-07,homme,3
99,JIMMY,DIAZ,DIAZ99@gmail.com,1940-05-24,homme,2
100,ANTONIO,HAYES,HAYES100@gmail.com,1967-03-01,homme,1
101,DANNY,MYERS,MYERS101@gmail.com,1967-10-11,homme,3
102,BRYAN,FORD,FORD102@gmail.com,1961-12-04,homme,2
103,TONY,HAMILTON,HAMILTON103@gmail.com,1962-03-12,homme,2
104,LUIS,GRAHAM,GRAHAM104@gmail.com,2008-01-05,homme,3
105,MIKE,SULLIVAN,SULLIVAN105@gmail.com,2006-07-18,homme,1
106,STANLEY,WALLACE,WALLACE106@gmail.com,1972-06-28,homme,1
107,LEONARD,WOODS,WOODS107@gmail.com,1939-03-30,homme,1
108,NATHAN,COLE,COLE108@gmail.com,2004-03-11,homme,1
109,DALE,WEST,WEST109@gmail.com,1961-02-15,homme,2
110,MANUEL,JORDAN,JORDAN110@gmail.com,1939-01-06,homme,1
111,RODNEY,OWENS,OWENS111@gmail.com,1961-05-02,homme,3
112,CURTIS,REYNOLDS,REYNOLDS112@gmail.com,2010-07-20,homme,2
113,NORMAN,FISHER,FISHER113@gmail.com,1987-05-14,homme,2
114,ALLEN,ELLIS,ELLIS114@gmail.com,1994-01-10,homme,3
115,MARVIN,HARRISON,HARRISON115@gmail.com,1977-08-21,homme,1
116,VINCENT,GIBSON,GIBSON116@gmail.com,1965-08-18,homme,2
117,GLENN,MCDONALD,MCDONALD117@gmail.com,2006-08-14,homme,1
118,JEFFERY,CRUZ,CRUZ118@gmail.com,1947-09-08,homme,2
119,TRAVIS,MARSHALL,MARSHALL119@gmail.com,1948-03-05,homme,3
120,JEFF,ORTIZ,ORTIZ120@gmail.com,1960-04-21,homme,2
121,CHAD,GOMEZ,GOMEZ121@gmail.com,1933-02-23,homme,2
122,JACOB,MURRAY,MURRAY122@gmail.com,1961-09-17,homme,2
123,LEE,FREEMAN,FREEMAN123@gmail.com,1942-09-08,homme,2
124,MELVIN,WELLS,WELLS124@gmail.com,1970-07-08,homme,2
125,ALFRED,WEBB,WEBB125@gmail.com,1971-03-01,homme,2
126,KYLE,SIMPSON,SIMPSON126@gmail.com,1973-03-03,homme,2
127,FRANCIS,STEVENS,STEVENS127@gmail.com,1931-08-12,homme,3
128,BRADLEY,TUCKER,TUCKER128@gmail.com,1967-12-17,homme,2
129,JESUS,PORTER,PORTER129@gmail.com,1930-02-15,homme,1
130,HERBERT,HUNTER,HUNTER130@gmail.com,2006-12-25,homme,2
131,FREDERICK,HICKS,HICKS131@gmail.com,1991-06-24,homme,1
132,RAY,CRAWFORD,CRAWFORD132@gmail.com,1982-08-14,homme,1
133,JOEL,HENRY,HENRY133@gmail.com,1960-09-21,homme,1
134,EDWIN,BOYD,BOYD134@gmail.com,1973-09-01,homme,3
135,DON,MASON,MASON135@gmail.com,1940-06-09,homme,2
136,EDDIE,MORALES,MORALES136@gmail.com,1952-09-05,homme,1
137,RICKY,KENNEDY,KENNEDY137@gmail.com,1985-06-02,homme,2
138,TROY,WARREN,WARREN138@gmail.com,1945-07-12,homme,3
139,RANDALL,DIXON,DIXON139@gmail.com,1943-05-18,homme,1
140,BARRY,RAMOS,RAMOS140@gmail.com,1938-05-22,homme,3
141,ALEXANDER,REYES,REYES141@gmail.com,2008-03-11,homme,3
142,BERNARD,BURNS,BURNS142@gmail.com,1962-12-01,homme,3
143,MARIO,GORDON,GORDON143@gmail.com,2006-06-13,homme,3
144,LEROY,SHAW,SHAW144@gmail.com,1985-05-16,homme,2
145,FRANCISCO,HOLMES,HOLMES145@gmail.com,1974-09-11,homme,1
146,MARCUS,RICE,RICE146@gmail.com,1977-10-21,homme,3
147,MICHEAL,ROBERTSON,ROBERTSON147@gmail.com,1998-07-19,homme,2
148,THEODORE,HUNT,HUNT148@gmail.com,2001-07-04,homme,1
149,CLIFFORD,BLACK,BLACK149@gmail.com,1954-11-30,homme,1
150,MIGUEL,DANIELS,DANIELS150@gmail.com,1969-05-06,homme,3
151,OSCAR,PALMER,PALMER151@gmail.com,1970-09-20,homme,1
152,JAY,MILLS,MILLS152@gmail.com,1936-01-06,homme,2
153,JIM,NICHOLS,NICHOLS153@gmail.com,1949-11-26,homme,1
154,TOM,GRANT,GRANT154@gmail.com,1998-01-12,homme,3
155,CALVIN,KNIGHT,KNIGHT155@gmail.com,1946-10-07,homme,3
156,ALEX,FERGUSON,FERGUSON156@gmail.com,1936-10-26,homme,3
157,JON,ROSE,ROSE157@gmail.com,1995-04-09,homme,3
158,RONNIE,STONE,STONE158@gmail.com,1941-08-03,homme,2
159,BILL,HAWKINS,HAWKINS159@gmail.com,2010-08-01,homme,3
160,LLOYD,DUNN,DUNN160@gmail.com,1998-01-13,homme,3
161,TOMMY,PERKINS,PERKINS161@gmail.com,1982-09-29,homme,2
162,LEON,HUDSON,HUDSON162@gmail.com,1960-04-28,homme,1
163,DEREK,SPENCER,SPENCER163@gmail.com,1969-04-25,homme,3
164,WARREN,GARDNER,GARDNER164@gmail.com,1954-11-30,homme,1
165,DARRELL,STEPHENS,STEPHENS165@gmail.com,1957-03-17,homme,1
166,JEROME,PAYNE,PAYNE166@gmail.com,2008-01-07,homme,1
167,FLOYD,PIERCE,PIERCE167@gmail.com,1964-02-16,homme,2
168,LEO,BERRY,BERRY168@gmail.com,1998-04-07,homme,2
169,ALVIN,MATTHEWS,MATTHEWS169@gmail.com,1994-03-10,homme,3
170,TIM,ARNOLD,ARNOLD170@gmail.com,1934-07-24,homme,2
171,WESLEY,WAGNER,WAGNER171@gmail.com,2003-10-27,homme,2
172,GORDON,WILLIS,WILLIS172@gmail.com,2006-04-02,homme,2
173,DEAN,RAY,RAY173@gmail.com,1939-10-30,homme,3
174,GREG,WATKINS,WATKINS174@gmail.com,1941-05-02,homme,2
175,JORGE,OLSON,OLSON175@gmail.com,1953-07-03,homme,2
176,DUSTIN,CARROLL,CARROLL176@gmail.com,1943-12-03,homme,2
177,PEDRO,DUNCAN,DUNCAN177@gmail.com,1949-01-12,homme,1
178,DERRICK,SNYDER,SNYDER178@gmail.com,1932-11-22,homme,1
179,DAN,HART,HART179@gmail.com,1983-09-18,homme,3
180,LEWIS,CUNNINGHAM,CUNNINGHAM180@gmail.com,2003-05-19,homme,2
181,ZACHARY,BRADLEY,BRADLEY181@gmail.com,1946-01-17,homme,3
182,COREY,LANE,LANE182@gmail.com,1951-10-15,homme,2
183,HERMAN,ANDREWS,ANDREWS183@gmail.com,2008-04-27,homme,2
184,MAURICE,RUIZ,RUIZ184@gmail.com,2001-03-01,homme,1
185,VERNON,HARPER,HARPER185@gmail.com,2002-12-01,homme,2
186,ROBERTO,FOX,FOX186@gmail.com,1949-04-24,homme,2
187,CLYDE,RILEY,RILEY187@gmail.com,1959-08-05,homme,1
188,GLEN,ARMSTRONG,ARMSTRONG188@gmail.com,1930-10-29,homme,2
189,HECTOR,CARPENTER,CARPENTER189@gmail.com,1947-07-26,homme,3
190,SHANE,WEAVER,WEAVER190@gmail.com,1935-12-09,homme,3
191,RICARDO,GREENE,GREENE191@gmail.com,1932-03-17,homme,2
192,SAM,LAWRENCE,LAWRENCE192@gmail.com,1994-05-30,homme,1
193,RICK,ELLIOTT,ELLIOTT193@gmail.com,1983-01-22,homme,3
194,LESTER,CHAVEZ,CHAVEZ194@gmail.com,2001-01-22,homme,1
195,BRENT,SIMS,SIMS195@gmail.com,2014-05-02,homme,1
196,RAMON,AUSTIN,AUSTIN196@gmail.com,1981-05-21,homme,1
197,CHARLIE,PETERS,PETERS197@gmail.com,2001-06-18,homme,3
198,TYLER,KELLEY,KELLEY198@gmail.com,2012-01-10,homme,1
199,GILBERT,FRANKLIN,FRANKLIN199@gmail.com,1949-01-01,homme,3
200,GENE,LAWSON,LAWSON200@gmail.com,2002-06-21,homme,2
201,MARC,FIELDS,FIELDS201@gmail.com,2006-12-04,homme,1
202,REGINALD,GUTIERREZ,GUTIERREZ202@gmail.com,1976-03-28,homme,3
203,RUBEN,RYAN,RYAN203@gmail.com,1959-09-22,homme,1
204,BRETT,SCHMIDT,SCHMIDT204@gmail.com,1976-08-01,homme,3
205,ANGEL,CARR,CARR205@gmail.com,1993-03-20,homme,1
206,NATHANIEL,VASQUEZ,VASQUEZ206@gmail.com,2000-09-29,homme,1
207,RAFAEL,CASTILLO,CASTILLO207@gmail.com,1980-06-12,homme,1
208,LESLIE,WHEELER,WHEELER208@gmail.com,1957-02-27,homme,3
209,EDGAR,CHAPMAN,CHAPMAN209@gmail.com,1982-02-24,homme,2
210,MILTON,OLIVER,OLIVER210@gmail.com,1976-12-02,homme,1
211,RAUL,MONTGOMERY,MONTGOMERY211@gmail.com,2010-08-14,homme,2
212,BEN,RICHARDS,RICHARDS212@gmail.com,1998-10-04,homme,3
213,CHESTER,WILLIAMSON,WILLIAMSON213@gmail.com,2005-07-13,homme,3
214,CECIL,JOHNSTON,JOHNSTON214@gmail.com,1953-06-25,homme,1
215,DUANE,BANKS,BANKS215@gmail.com,1939-11-29,homme,1
216,FRANKLIN,MEYER,MEYER216@gmail.com,1937-01-21,homme,2
217,ANDRE,BISHOP,BISHOP217@gmail.com,1990-07-04,homme,3
218,ELMER,MCCOY,MCCOY218@gmail.com,2007-11-24,homme,3
219,BRAD,HOWELL,HOWELL219@gmail.com,2014-07-23,homme,2
220,GABRIEL,ALVAREZ,ALVAREZ220@gmail.com,1990-12-24,homme,3
221,RON,MORRISON,MORRISON221@gmail.com,1983-07-05,homme,3
222,MITCHELL,HANSEN,HANSEN222@gmail.com,2006-06-30,homme,2
223,ROLAND,FERNANDEZ,FERNANDEZ223@gmail.com,1939-10-06,homme,2
224,ARNOLD,GARZA,GARZA224@gmail.com,1940-08-14,homme,3
225,HARVEY,HARVEY,HARVEY225@gmail.com,1983-11-12,homme,1
226,JARED,LITTLE,LITTLE226@gmail.com,1998-05-23,homme,1
227,ADRIAN,BURTON,BURTON227@gmail.com,2012-07-06,homme,2
228,KARL,STANLEY,STANLEY228@gmail.com,1958-06-04,homme,3
229,CORY,NGUYEN,NGUYEN229@gmail.com,1974-09-14,homme,2
230,CLAUDE,GEORGE,GEORGE230@gmail.com,1970-07-16,homme,2
231,ERIK,JACOBS,JACOBS231@gmail.com,2001-10-15,homme,1
232,DARRYL,REID,REID232@gmail.com,1941-06-03,homme,3
233,JAMIE,KIM,KIM233@gmail.com,1986-12-29,homme,1
234,NEIL,FULLER,FULLER234@gmail.com,2013-10-29,homme,3
235,JESSIE,LYNCH,LYNCH235@gmail.com,1956-01-18,homme,2
236,CHRISTIAN,DEAN,DEAN236@gmail.com,1986-04-27,homme,1
237,JAVIER,GILBERT,GILBERT237@gmail.com,1934-02-25,homme,2
238,FERNANDO,GARRETT,GARRETT238@gmail.com,1989-07-04,homme,3
239,CLINTON,ROMERO,ROMERO239@gmail.com,1936-03-26,homme,2
240,TED,WELCH,WELCH240@gmail.com,1998-08-02,homme,2
241,MATHEW,LARSON,LARSON241@gmail.com,2005-06-21,homme,2
242,TYRONE,FRAZIER,FRAZIER242@gmail.com,1957-06-29,homme,1
243,DARREN,BURKE,BURKE243@gmail.com,1982-06-24,homme,2
244,LONNIE,HANSON,HANSON244@gmail.com,1940-07-16,homme,2
245,LANCE,DAY,DAY245@gmail.com,1936-06-23,homme,3
246,CODY,MENDOZA,MENDOZA246@gmail.com,2007-09-10,homme,3
247,JULIO,MORENO,MORENO247@gmail.com,1983-02-17,homme,1
248,KELLY,BOWMAN,BOWMAN248@gmail.com,1999-12-15,homme,2
249,KURT,MEDINA,MEDINA249@gmail.com,1950-01-27,homme,1
250,ALLAN,FOWLER,FOWLER250@gmail.com,2001-02-17,homme,3
251,NELSON,BREWER,BREWER251@gmail.com,1982-08-16,homme,2
252,GUY,HOFFMAN,HOFFMAN252@gmail.com,1940-06-22,homme,1
253,CLAYTON,CARLSON,CARLSON253@gmail.com,1968-07-07,homme,3
254,HUGH,SILVA,SILVA254@gmail.com,1952-11-16,homme,2
255,MAX,PEARSON,PEARSON255@gmail.com,1931-10-28,homme,2
256,DWAYNE,HOLLAND,HOLLAND256@gmail.com,1941-10-18,homme,3
257,DWIGHT,DOUGLAS,DOUGLAS257@gmail.com,1955-09-20,homme,3
258,ARMANDO,FLEMING,FLEMING258@gmail.com,1932-02-20,homme,2
259,FELIX,JENSEN,JENSEN259@gmail.com,1981-04-18,homme,2
260,JIMMIE,VARGAS,VARGAS260@gmail.com,1942-07-25,homme,3
261,EVERETT,BYRD,BYRD261@gmail.com,1975-08-16,homme,1
262,JORDAN,DAVIDSON,DAVIDSON262@gmail.com,2002-06-19,homme,2
263,IAN,HOPKINS,HOPKINS263@gmail.com,2000-02-21,homme,2
264,WALLACE,MAY,MAY264@gmail.com,1939-10-21,homme,3
265,KEN,TERRY,TERRY265@gmail.com,1958-05-19,homme,1
266,BOB,HERRERA,HERRERA266@gmail.com,1939-11-08,homme,1
267,JAIME,WADE,WADE267@gmail.com,1994-11-08,homme,1
268,CASEY,SOTO,SOTO268@gmail.com,1968-11-22,homme,3
269,ALFREDO,WALTERS,WALTERS269@gmail.com,2012-09-08,homme,2
270,ALBERTO,CURTIS,CURTIS270@gmail.com,1997-01-19,homme,2
271,DAVE,NEAL,NEAL271@gmail.com,1952-07-10,homme,3
272,IVAN,CALDWELL,CALDWELL272@gmail.com,1959-06-17,homme,1
273,JOHNNIE,LOWE,LOWE273@gmail.com,1933-03-25,homme,3
274,SIDNEY,JENNINGS,JENNINGS274@gmail.com,1986-02-03,homme,3
275,BYRON,BARNETT,BARNETT275@gmail.com,1956-10-27,homme,3
276,JULIAN,GRAVES,GRAVES276@gmail.com,1967-12-06,homme,1
277,ISAAC,JIMENEZ,JIMENEZ277@gmail.com,1983-10-29,homme,1
278,MORRIS,HORTON,HORTON278@gmail.com,1964-03-25,homme,1
279,CLIFTON,SHELTON,SHELTON279@gmail.com,2003-12-29,homme,1
280,WILLARD,BARRETT,BARRETT280@gmail.com,1933-11-29,homme,2
281,DARYL,OBRIEN,OBRIEN281@gmail.com,2011-06-07,homme,3
282,ROSS,CASTRO,CASTRO282@gmail.com,1988-12-17,homme,1
283,VIRGIL,SUTTON,SUTTON283@gmail.com,1981-03-29,homme,3
284,ANDY,GREGORY,GREGORY284@gmail.com,1946-06-22,homme,2
285,MARSHALL,MCKINNEY,MCKINNEY285@gmail.com,1998-04-07,homme,2
286,SALVADOR,LUCAS,LUCAS286@gmail.com,1930-04-28,homme,1
287,PERRY,MILES,MILES287@gmail.com,1948-05-24,homme,3
288,KIRK,CRAIG,CRAIG288@gmail.com,1985-08-05,homme,1
289,SERGIO,RODRIQUEZ,RODRIQUEZ289@gmail.com,1932-11-08,homme,2
290,MARION,CHAMBERS,CHAMBERS290@gmail.com,1968-11-05,homme,2
291,TRACY,HOLT,HOLT291@gmail.com,2001-04-05,homme,3
292,SETH,LAMBERT,LAMBERT292@gmail.com,1981-01-13,homme,3
293,KENT,FLETCHER,FLETCHER293@gmail.com,1956-07-30,homme,2
294,TERRANCE,WATTS,WATTS294@gmail.com,1961-06-30,homme,2
295,RENE,BATES,BATES295@gmail.com,1978-04-14,homme,2
296,EDUARDO,HALE,HALE296@gmail.com,1975-11-07,homme,3
297,TERRENCE,RHODES,RHODES297@gmail.com,1940-02-17,homme,2
298,ENRIQUE,PENA,PENA298@gmail.com,1980-02-28,homme,2
299,FREDDIE,BECK,BECK299@gmail.com,2000-10-30,homme,3
300,WADE,NEWMAN,NEWMAN300@gmail.com,1989-08-01,homme,1
301,MARY,HAYNES,HAYNES301@gmail.com,1949-06-08,femme,3
302,PATRICIA,MCDANIEL,MCDANIEL302@gmail.com,1931-01-09,femme,3
303,LINDA,MENDEZ,MENDEZ303@gmail.com,1933-06-05,femme,3
304,BARBARA,BUSH,BUSH304@gmail.com,1945-08-22,femme,3
305,ELIZABETH,VAUGHN,VAUGHN305@gmail.com,2008-07-14,femme,3
306,JENNIFER,PARKS,PARKS306@gmail.com,1972-05-10,femme,1
307,MARIA,DAWSON,DAWSON307@gmail.com,1930-09-11,femme,1
308,SUSAN,SANTIAGO,SANTIAGO308@gmail.com,1998-01-11,femme,1
309,MARGARET,NORRIS,NORRIS309@gmail.com,1937-05-29,femme,1
310,DOROTHY,HARDY,HARDY310@gmail.com,1961-07-05,femme,1
311,LISA,LOVE,LOVE311@gmail.com,1953-03-01,femme,2
312,NANCY,STEELE,STEELE312@gmail.com,2011-06-05,femme,3
313,KAREN,CURRY,CURRY313@gmail.com,2010-08-26,femme,1
314,BETTY,POWERS,POWERS314@gmail.com,2009-04-04,femme,3
315,HELEN,SCHULTZ,SCHULTZ315@gmail.com,1999-12-24,femme,2
316,SANDRA,BARKER,BARKER316@gmail.com,1975-09-02,femme,1
317,DONNA,GUZMAN,GUZMAN317@gmail.com,2005-11-09,femme,3
318,CAROL,PAGE,PAGE318@gmail.com,1975-09-27,femme,1
319,RUTH,MUNOZ,MUNOZ319@gmail.com,1936-10-23,femme,3
320,SHARON,BALL,BALL320@gmail.com,1970-12-10,femme,3
321,MICHELLE,KELLER,KELLER321@gmail.com,1948-03-12,femme,2
322,LAURA,CHANDLER,CHANDLER322@gmail.com,1994-03-09,femme,1
323,SARAH,WEBER,WEBER323@gmail.com,1954-12-09,femme,2
324,KIMBERLY,LEONARD,LEONARD324@gmail.com,1958-10-04,femme,2
325,DEBORAH,WALSH,WALSH325@gmail.com,1982-02-16,femme,1
326,JESSICA,LYONS,LYONS326@gmail.com,1944-06-01,femme,1
327,SHIRLEY,RAMSEY,RAMSEY327@gmail.com,1954-04-27,femme,2
328,CYNTHIA,WOLFE,WOLFE328@gmail.com,1951-10-01,femme,3
329,ANGELA,SCHNEIDER,SCHNEIDER329@gmail.com,1974-05-26,femme,3
330,MELISSA,MULLINS,MULLINS330@gmail.com,1940-06-25,femme,3
331,BRENDA,BENSON,BENSON331@gmail.com,1978-08-21,femme,1
332,AMY,SHARP,SHARP332@gmail.com,1941-04-21,femme,1
333,ANNA,BOWEN,BOWEN333@gmail.com,1962-09-27,femme,3
334,REBECCA,DANIEL,DANIEL334@gmail.com,1996-05-12,femme,3
335,VIRGINIA,BARBER,BARBER335@gmail.com,1997-11-20,femme,2
336,KATHLEEN,CUMMINGS,CUMMINGS336@gmail.com,1968-11-08,femme,2
337,PAMELA,HINES,HINES337@gmail.com,1964-03-16,femme,3
338,MARTHA,BALDWIN,BALDWIN338@gmail.com,1957-08-21,femme,2
339,DEBRA,GRIFFITH,GRIFFITH339@gmail.com,1956-01-26,femme,1
340,AMANDA,VALDEZ,VALDEZ340@gmail.com,1939-07-02,femme,2
341,STEPHANIE,HUBBARD,HUBBARD341@gmail.com,1949-04-08,femme,2
342,CAROLYN,SALAZAR,SALAZAR342@gmail.com,1964-12-05,femme,1
343,CHRISTINE,REEVES,REEVES343@gmail.com,1936-04-06,femme,2
344,MARIE,WARNER,WARNER344@gmail.com,1968-12-03,femme,1
345,JANET,STEVENSON,STEVENSON345@gmail.com,1983-10-17,femme,1
346,CATHERINE,BURGESS,BURGESS346@gmail.com,1956-11-07,femme,2
347,FRANCES,SANTOS,SANTOS347@gmail.com,1969-09-12,femme,3
348,ANN,TATE,TATE348@gmail.com,1980-06-12,femme,2
349,JOYCE,CROSS,CROSS349@gmail.com,1996-06-21,femme,3
350,DIANE,GARNER,GARNER350@gmail.com,1935-07-03,femme,2
351,ALICE,MANN,MANN351@gmail.com,1988-03-30,femme,3
352,JULIE,MACK,MACK352@gmail.com,1981-07-27,femme,1
353,HEATHER,MOSS,MOSS353@gmail.com,1944-11-03,femme,2
354,TERESA,THORNTON,THORNTON354@gmail.com,1948-09-18,femme,2
355,DORIS,DENNIS,DENNIS355@gmail.com,1993-07-09,femme,1
356,GLORIA,MCGEE,MCGEE356@gmail.com,1997-09-28,femme,2
357,EVELYN,FARMER,FARMER357@gmail.com,1961-02-05,femme,3
358,JEAN,DELGADO,DELGADO358@gmail.com,1956-04-13,femme,2
359,CHERYL,AGUILAR,AGUILAR359@gmail.com,1988-12-29,femme,2
360,MILDRED,VEGA,VEGA360@gmail.com,2008-01-28,femme,2
361,KATHERINE,GLOVER,GLOVER361@gmail.com,1973-06-12,femme,3
362,JOAN,MANNING,MANNING362@gmail.com,1945-08-20,femme,2
363,ASHLEY,COHEN,COHEN363@gmail.com,1956-05-28,femme,3
364,JUDITH,HARMON,HARMON364@gmail.com,2009-03-14,femme,1
365,ROSE,RODGERS,RODGERS365@gmail.com,1995-01-11,femme,3
366,JANICE,ROBBINS,ROBBINS366@gmail.com,1986-01-30,femme,1
367,KELLY,NEWTON,NEWTON367@gmail.com,2007-04-25,femme,3
368,NICOLE,TODD,TODD368@gmail.com,1960-07-18,femme,2
369,JUDY,BLAIR,BLAIR369@gmail.com,1999-02-01,femme,3
370,CHRISTINA,HIGGINS,HIGGINS370@gmail.com,2011-10-26,femme,3
371,KATHY,INGRAM,INGRAM371@gmail.com,1979-04-18,femme,2
372,THERESA,REESE,REESE372@gmail.com,1938-06-30,femme,1
373,BEVERLY,CANNON,CANNON373@gmail.com,1979-03-22,femme,2
374,DENISE,STRICKLAND,STRICKLAND374@gmail.com,1950-08-25,femme,3
375,TAMMY,TOWNSEND,TOWNSEND375@gmail.com,1935-03-16,femme,3
376,IRENE,POTTER,POTTER376@gmail.com,1943-07-17,femme,1
377,JANE,GOODWIN,GOODWIN377@gmail.com,1951-01-16,femme,1
378,LORI,WALTON,WALTON378@gmail.com,1999-04-22,femme,3
379,RACHEL,ROWE,ROWE379@gmail.com,2003-12-04,femme,2
380,MARILYN,HAMPTON,HAMPTON380@gmail.com,1956-07-16,femme,1
381,ANDREA,ORTEGA,ORTEGA381@gmail.com,1944-08-01,femme,1
382,KATHRYN,PATTON,PATTON382@gmail.com,1989-06-09,femme,1
383,LOUISE,SWANSON,SWANSON383@gmail.com,1974-11-22,femme,1
384,SARA,JOSEPH,JOSEPH384@gmail.com,1931-12-13,femme,1
385,ANNE,FRANCIS,FRANCIS385@gmail.com,1944-04-11,femme,2
386,JACQUELINE,GOODMAN,GOODMAN386@gmail.com,1938-06-08,femme,2
387,WANDA,MALDONADO,MALDONADO387@gmail.com,1969-06-19,femme,1
388,BONNIE,YATES,YATES388@gmail.com,2002-07-24,femme,2
389,JULIA,BECKER,BECKER389@gmail.com,1989-12-29,femme,2
390,RUBY,ERICKSON,ERICKSON390@gmail.com,2001-04-01,femme,3
391,LOIS,HODGES,HODGES391@gmail.com,1990-01-22,femme,3
392,TINA,RIOS,RIOS392@gmail.com,1975-11-21,femme,1
393,PHYLLIS,CONNER,CONNER393@gmail.com,1968-02-01,femme,3
394,NORMA,ADKINS,ADKINS394@gmail.com,2006-03-21,femme,2
395,PAULA,WEBSTER,WEBSTER395@gmail.com,2007-05-08,femme,1
396,DIANA,NORMAN,NORMAN396@gmail.com,1999-11-15,femme,2
397,ANNIE,MALONE,MALONE397@gmail.com,1984-10-06,femme,1
398,LILLIAN,HAMMOND,HAMMOND398@gmail.com,2007-03-20,femme,3
399,EMILY,FLOWERS,FLOWERS399@gmail.com,1991-02-06,femme,1
400,ROBIN,COBB,COBB400@gmail.com,1938-01-13,femme,1
401,PEGGY,MOODY,MOODY401@gmail.com,1956-06-03,femme,3
402,CRYSTAL,QUINN,QUINN402@gmail.com,1996-04-15,femme,2
403,GLADYS,BLAKE,BLAKE403@gmail.com,1948-05-15,femme,1
404,RITA,MAXWELL,MAXWELL404@gmail.com,1987-01-16,femme,1
405,DAWN,POPE,POPE405@gmail.com,1987-07-28,femme,2
406,CONNIE,FLOYD,FLOYD406@gmail.com,1994-03-25,femme,2
407,FLORENCE,OSBORNE,OSBORNE407@gmail.com,1959-05-26,femme,2
408,TRACY,PAUL,PAUL408@gmail.com,1990-11-16,femme,2
409,EDNA,MCCARTHY,MCCARTHY409@gmail.com,1950-03-08,femme,3
410,TIFFANY,GUERRERO,GUERRERO410@gmail.com,1983-09-06,femme,2
411,CARMEN,LINDSEY,LINDSEY411@gmail.com,1965-09-07,femme,2
412,ROSA,ESTRADA,ESTRADA412@gmail.com,1930-08-23,femme,2
413,CINDY,SANDOVAL,SANDOVAL413@gmail.com,1966-01-27,femme,1
414,GRACE,GIBBS,GIBBS414@gmail.com,1956-05-16,femme,2
415,WENDY,TYLER,TYLER415@gmail.com,2011-06-12,femme,3
416,VICTORIA,GROSS,GROSS416@gmail.com,1980-04-14,femme,2
417,EDITH,FITZGERALD,FITZGERALD417@gmail.com,1969-09-25,femme,1
418,KIM,STOKES,STOKES418@gmail.com,2005-06-21,femme,2
419,SHERRY,DOYLE,DOYLE419@gmail.com,1938-10-26,femme,2
420,SYLVIA,SHERMAN,SHERMAN420@gmail.com,1967-03-28,femme,3
421,JOSEPHINE,SAUNDERS,SAUNDERS421@gmail.com,1975-05-15,femme,1
422,THELMA,WISE,WISE422@gmail.com,1962-07-29,femme,1
423,SHANNON,COLON,COLON423@gmail.com,1959-01-15,femme,1
424,SHEILA,GILL,GILL424@gmail.com,2010-02-07,femme,2
425,ETHEL,ALVARADO,ALVARADO425@gmail.com,1932-03-04,femme,3
426,ELLEN,GREER,GREER426@gmail.com,1965-03-29,femme,1
427,ELAINE,PADILLA,PADILLA427@gmail.com,1934-06-05,femme,1
428,MARJORIE,SIMON,SIMON428@gmail.com,1973-12-09,femme,2
429,CARRIE,WATERS,WATERS429@gmail.com,2003-09-04,femme,1
430,CHARLOTTE,NUNEZ,NUNEZ430@gmail.com,1977-02-28,femme,2
431,MONICA,BALLARD,BALLARD431@gmail.com,1991-09-15,femme,3
432,ESTHER,SCHWARTZ,SCHWARTZ432@gmail.com,1978-02-28,femme,2
433,PAULINE,MCBRIDE,MCBRIDE433@gmail.com,1974-08-09,femme,2
434,EMMA,HOUSTON,HOUSTON434@gmail.com,1995-06-29,femme,1
435,JUANITA,CHRISTENSEN,CHRISTENSEN435@gmail.com,2013-04-25,femme,3
436,ANITA,KLEIN,KLEIN436@gmail.com,1993-10-14,femme,2
437,RHONDA,PRATT,PRATT437@gmail.com,1971-12-02,femme,1
438,HAZEL,BRIGGS,BRIGGS438@gmail.com,2001-06-07,femme,2
439,AMBER,PARSONS,PARSONS439@gmail.com,2005-04-14,femme,3
440,EVA,MCLAUGHLIN,MCLAUGHLIN440@gmail.com,1987-05-06,femme,1
441,DEBBIE,ZIMMERMAN,ZIMMERMAN441@gmail.com,2003-09-06,femme,1
442,APRIL,FRENCH,FRENCH442@gmail.com,1958-03-11,femme,1
443,LESLIE,BUCHANAN,BUCHANAN443@gmail.com,1941-07-16,femme,1
444,CLARA,MORAN,MORAN444@gmail.com,2012-10-15,femme,2
445,LUCILLE,COPELAND,COPELAND445@gmail.com,1955-09-13,femme,3
446,JAMIE,ROY,ROY446@gmail.com,1932-04-24,femme,1
447,JOANNE,PITTMAN,PITTMAN447@gmail.com,1947-07-06,femme,1
448,ELEANOR,BRADY,BRADY448@gmail.com,1977-03-20,femme,1
449,VALERIE,MCCORMICK,MCCORMICK449@gmail.com,2002-12-02,femme,3
450,DANIELLE,HOLLOWAY,HOLLOWAY450@gmail.com,1991-05-28,femme,2
451,MEGAN,BROCK,BROCK451@gmail.com,1976-05-18,femme,2
452,ALICIA,POOLE,POOLE452@gmail.com,1958-02-05,femme,1
453,SUZANNE,FRANK,FRANK453@gmail.com,1969-04-26,femme,1
454,MICHELE,LOGAN,LOGAN454@gmail.com,1964-10-26,femme,1
455,GAIL,OWEN,OWEN455@gmail.com,2002-06-22,femme,1
456,BERTHA,BASS,BASS456@gmail.com,2001-09-10,femme,3
457,DARLENE,MARSH,MARSH457@gmail.com,1971-05-22,femme,2
458,VERONICA,DRAKE,DRAKE458@gmail.com,1973-05-30,femme,2
459,JILL,WONG,WONG459@gmail.com,1949-03-01,femme,1
460,ERIN,JEFFERSON,JEFFERSON460@gmail.com,1981-07-09,femme,3
461,GERALDINE,PARK,PARK461@gmail.com,2002-08-19,femme,3
462,LAUREN,MORTON,MORTON462@gmail.com,1958-11-09,femme,1
463,CATHY,ABBOTT,ABBOTT463@gmail.com,1945-06-08,femme,2
464,JOANN,SPARKS,SPARKS464@gmail.com,1962-03-26,femme,2
465,LORRAINE,PATRICK,PATRICK465@gmail.com,1980-01-15,femme,1
466,LYNN,NORTON,NORTON466@gmail.com,2009-05-05,femme,3
467,SALLY,HUFF,HUFF467@gmail.com,1941-11-12,femme,3
468,REGINA,CLAYTON,CLAYTON468@gmail.com,1986-08-10,femme,1
469,ERICA,MASSEY,MASSEY469@gmail.com,1981-10-26,femme,2
470,BEATRICE,LLOYD,LLOYD470@gmail.com,1982-09-07,femme,1
471,DOLORES,FIGUEROA,FIGUEROA471@gmail.com,1951-01-24,femme,3
472,BERNICE,CARSON,CARSON472@gmail.com,2009-10-03,femme,3
473,AUDREY,BOWERS,BOWERS473@gmail.com,2012-05-30,femme,2
474,YVONNE,ROBERSON,ROBERSON474@gmail.com,1941-12-09,femme,1
475,ANNETTE,BARTON,BARTON475@gmail.com,1940-12-19,femme,1
476,JUNE,TRAN,TRAN476@gmail.com,1958-06-10,femme,1
477,SAMANTHA,LAMB,LAMB477@gmail.com,1951-03-11,femme,3
478,MARION,HARRINGTON,HARRINGTON478@gmail.com,1996-09-20,femme,3
479,DANA,CASEY,CASEY479@gmail.com,1999-05-05,femme,3
480,STACY,BOONE,BOONE480@gmail.com,1943-04-02,femme,3
481,ANA,CORTEZ,CORTEZ481@gmail.com,1985-05-18,femme,1
482,RENEE,CLARKE,CLARKE482@gmail.com,1988-10-17,femme,2
483,IDA,MATHIS,MATHIS483@gmail.com,1945-11-25,femme,3
484,VIVIAN,SINGLETON,SINGLETON484@gmail.com,2006-01-08,femme,3
485,ROBERTA,WILKINS,WILKINS485@gmail.com,1979-05-08,femme,1
486,HOLLY,CAIN,CAIN486@gmail.com,1993-12-25,femme,2
487,BRITTANY,BRYAN,BRYAN487@gmail.com,2012-03-02,femme,2
488,MELANIE,UNDERWOOD,UNDERWOOD488@gmail.com,1949-02-07,femme,2
489,LORETTA,HOGAN,HOGAN489@gmail.com,1991-03-26,femme,2
490,YOLANDA,MCKENZIE,MCKENZIE490@gmail.com,1989-03-28,femme,3
491,JEANETTE,COLLIER,COLLIER491@gmail.com,2002-02-04,femme,3
492,LAURIE,LUNA,LUNA492@gmail.com,1972-11-19,femme,3
493,KATIE,PHELPS,PHELPS493@gmail.com,1997-04-14,femme,1
494,KRISTEN,MCGUIRE,MCGUIRE494@gmail.com,2001-05-18,femme,1
495,VANESSA,ALLISON,ALLISON495@gmail.com,2008-03-04,femme,2
496,ALMA,BRIDGES,BRIDGES496@gmail.com,1967-03-30,femme,2
497,SUE,WILKERSON,WILKERSON497@gmail.com,1936-12-20,femme,1
498,ELSIE,NASH,NASH498@gmail.com,2002-11-18,femme,2
499,BETH,SUMMERS,SUMMERS499@gmail.com,1931-12-27,femme,2
500,JEANNE,ATKINS,ATKINS500@gmail.com,1969-10-24,femme,3
501,VICKI,WILCOX,WILCOX501@gmail.com,1945-02-13,femme,3
502,CARLA,PITTS,PITTS502@gmail.com,2003-06-13,femme,2
503,TARA,CONLEY,CONLEY503@gmail.com,1961-01-28,femme,1
504,ROSEMARY,MARQUEZ,MARQUEZ504@gmail.com,1951-07-10,femme,1
505,EILEEN,BURNETT,BURNETT505@gmail.com,2008-12-06,femme,2
506,TERRI,RICHARD,RICHARD506@gmail.com,1941-04-06,femme,2
507,GERTRUDE,COCHRAN,COCHRAN507@gmail.com,1962-09-14,femme,3
508,LUCY,CHASE,CHASE508@gmail.com,1936-08-26,femme,1
509,TONYA,DAVENPORT,DAVENPORT509@gmail.com,1962-03-07,femme,3
510,ELLA,HOOD,HOOD510@gmail.com,1940-01-05,femme,2
511,STACEY,GATES,GATES511@gmail.com,1936-06-08,femme,1
512,WILMA,CLAY,CLAY512@gmail.com,1978-09-17,femme,3
513,GINA,AYALA,AYALA513@gmail.com,2000-02-15,femme,2
514,KRISTIN,SAWYER,SAWYER514@gmail.com,1941-09-26,femme,2
515,JESSIE,ROMAN,ROMAN515@gmail.com,1943-01-02,femme,1
516,NATALIE,VAZQUEZ,VAZQUEZ516@gmail.com,1970-09-08,femme,3
517,AGNES,DICKERSON,DICKERSON517@gmail.com,1987-01-24,femme,1
518,VERA,HODGE,HODGE518@gmail.com,1963-11-09,femme,2
519,WILLIE,ACOSTA,ACOSTA519@gmail.com,1963-07-12,femme,3
520,CHARLENE,FLYNN,FLYNN520@gmail.com,1983-04-18,femme,1
521,BESSIE,ESPINOZA,ESPINOZA521@gmail.com,2012-04-11,femme,3
522,DELORES,NICHOLSON,NICHOLSON522@gmail.com,1990-03-25,femme,1
523,MELINDA,MONROE,MONROE523@gmail.com,1983-02-25,femme,3
524,PEARL,WOLF,WOLF524@gmail.com,1967-01-10,femme,2
525,ARLENE,MORROW,MORROW525@gmail.com,2014-09-22,femme,3
526,MAUREEN,KIRK,KIRK526@gmail.com,1985-03-05,femme,2
527,COLLEEN,RANDALL,RANDALL527@gmail.com,1946-11-10,femme,2
528,ALLISON,ANTHONY,ANTHONY528@gmail.com,2001-10-17,femme,3
529,TAMARA,WHITAKER,WHITAKER529@gmail.com,1931-01-26,femme,2
530,JOY,OCONNOR,OCONNOR530@gmail.com,1949-02-05,femme,1
531,GEORGIA,SKINNER,SKINNER531@gmail.com,2002-09-23,femme,1
532,CONSTANCE,WARE,WARE532@gmail.com,1992-01-12,femme,1
533,LILLIE,MOLINA,MOLINA533@gmail.com,2008-11-25,femme,1
534,CLAUDIA,KIRBY,KIRBY534@gmail.com,1986-02-10,femme,1
535,JACKIE,HUFFMAN,HUFFMAN535@gmail.com,1975-05-26,femme,3
536,MARCIA,BRADFORD,BRADFORD536@gmail.com,1976-09-10,femme,1
537,TANYA,CHARLES,CHARLES537@gmail.com,1970-02-22,femme,2
538,NELLIE,GILMORE,GILMORE538@gmail.com,1986-02-19,femme,1
539,MINNIE,DOMINGUEZ,DOMINGUEZ539@gmail.com,1982-06-10,femme,2
540,MARLENE,ONEAL,ONEAL540@gmail.com,1963-04-07,femme,3
541,HEIDI,BRUCE,BRUCE541@gmail.com,1934-05-30,femme,1
542,GLENDA,LANG,LANG542@gmail.com,1998-02-18,femme,2
543,LYDIA,COMBS,COMBS543@gmail.com,2007-05-20,femme,3
544,VIOLA,KRAMER,KRAMER544@gmail.com,1952-11-28,femme,2
545,COURTNEY,HEATH,HEATH545@gmail.com,1979-12-22,femme,2
546,MARIAN,HANCOCK,HANCOCK546@gmail.com,2003-03-30,femme,2
547,STELLA,GALLAGHER,GALLAGHER547@gmail.com,1990-03-23,femme,2
548,CAROLINE,GAINES,GAINES548@gmail.com,1952-02-05,femme,3
549,DORA,SHAFFER,SHAFFER549@gmail.com,1954-12-12,femme,2
550,JO,SHORT,SHORT550@gmail.com,1961-12-19,femme,2
551,VICKIE,WIGGINS,WIGGINS551@gmail.com,1932-12-30,femme,2
552,MATTIE,MATHEWS,MATHEWS552@gmail.com,1953-10-16,femme,3
553,TERRY,MCCLAIN,MCCLAIN553@gmail.com,1947-01-01,femme,2
554,MAXINE,FISCHER,FISCHER554@gmail.com,2011-01-28,femme,3
555,IRMA,WALL,WALL555@gmail.com,1993-09-02,femme,1
556,MABEL,SMALL,SMALL556@gmail.com,1971-11-06,femme,2
557,MARSHA,MELTON,MELTON557@gmail.com,2012-10-20,femme,1
558,MYRTLE,HENSLEY,HENSLEY558@gmail.com,1993-04-23,femme,3
559,LENA,BOND,BOND559@gmail.com,1940-02-28,femme,2
560,CHRISTY,DYER,DYER560@gmail.com,2005-02-24,femme,1
561,DEANNA,CAMERON,CAMERON561@gmail.com,1985-03-05,femme,2
562,PATSY,GRIMES,GRIMES562@gmail.com,2000-12-01,femme,2
563,HILDA,CONTRERAS,CONTRERAS563@gmail.com,1946-04-14,femme,3
564,GWENDOLYN,CHRISTIAN,CHRISTIAN564@gmail.com,2011-10-26,femme,3
565,JENNIE,WYATT,WYATT565@gmail.com,2004-08-01,femme,3
566,NORA,BAXTER,BAXTER566@gmail.com,1991-12-14,femme,2
567,MARGIE,SNOW,SNOW567@gmail.com,1980-02-10,femme,1
568,NINA,MOSLEY,MOSLEY568@gmail.com,2011-03-25,femme,1
569,CASSANDRA,SHEPHERD,SHEPHERD569@gmail.com,1963-04-17,femme,1
570,LEAH,LARSEN,LARSEN570@gmail.com,2002-07-01,femme,2
571,PENNY,HOOVER,HOOVER571@gmail.com,2008-11-15,femme,1
572,KAY,BEASLEY,BEASLEY572@gmail.com,1930-04-17,femme,1
573,PRISCILLA,GLENN,GLENN573@gmail.com,1978-12-09,femme,3
574,NAOMI,PETERSEN,PETERSEN574@gmail.com,2011-06-22,femme,1
575,CAROLE,WHITEHEAD,WHITEHEAD575@gmail.com,1950-03-04,femme,1
576,BRANDY,MEYERS,MEYERS576@gmail.com,1956-02-10,femme,2
577,OLGA,KEITH,KEITH577@gmail.com,1950-12-21,femme,1
578,BILLIE,GARRISON,GARRISON578@gmail.com,2001-11-02,femme,1
579,DIANNE,VINCENT,VINCENT579@gmail.com,2005-10-04,femme,2
580,TRACEY,SHIELDS,SHIELDS580@gmail.com,2000-07-26,femme,3
581,LEONA,HORN,HORN581@gmail.com,1975-11-05,femme,2
582,JENNY,SAVAGE,SAVAGE582@gmail.com,1943-09-25,femme,2
583,FELICIA,OLSEN,OLSEN583@gmail.com,1972-02-22,femme,2
584,SONIA,SCHROEDER,SCHROEDER584@gmail.com,1995-10-10,femme,2
585,MIRIAM,HARTMAN,HARTMAN585@gmail.com,1999-11-15,femme,1
586,VELMA,WOODARD,WOODARD586@gmail.com,1982-08-16,femme,3
587,BECKY,MUELLER,MUELLER587@gmail.com,1988-11-05,femme,1
588,BOBBIE,KEMP,KEMP588@gmail.com,1948-10-20,femme,3
589,VIOLET,DELEON,DELEON589@gmail.com,1948-11-26,femme,3
590,KRISTINA,BOOTH,BOOTH590@gmail.com,1961-10-09,femme,1
591,TONI,PATEL,PATEL591@gmail.com,1976-06-02,femme,3
592,MISTY,CALHOUN,CALHOUN592@gmail.com,1934-09-21,femme,1
593,MAE,WILEY,WILEY593@gmail.com,1996-04-12,femme,2
594,SHELLY,EATON,EATON594@gmail.com,1940-06-12,femme,3
595,DAISY,CLINE,CLINE595@gmail.com,1959-04-12,femme,3
596,RAMONA,NAVARRO,NAVARRO596@gmail.com,1950-06-12,femme,2
597,SHERRI,HARRELL,HARRELL597@gmail.com,2012-10-04,femme,3
598,ERIKA,LESTER,LESTER598@gmail.com,1951-12-10,femme,2
599,KATRINA,HUMPHREY,HUMPHREY599@gmail.com,1945-06-03,femme,3
600,CLAIRE,PARRISH,PARRISH600@gmail.com,1953-05-01,femme,2
601,LINDSEY,DURAN,DURAN601@gmail.com,1972-01-28,femme,1
602,LINDSAY,HUTCHINSON,HUTCHINSON602@gmail.com,1952-09-05,femme,3
603,GENEVA,HESS,HESS603@gmail.com,1974-03-04,femme,2
604,GUADALUPE,DORSEY,DORSEY604@gmail.com,1975-06-21,femme,2
605,BELINDA,BULLOCK,BULLOCK605@gmail.com,1949-06-24,femme,3
606,MARGARITA,ROBLES,ROBLES606@gmail.com,1946-02-21,femme,2
607,SHERYL,BEARD,BEARD607@gmail.com,1956-06-04,femme,2
608,CORA,DALTON,DALTON608@gmail.com,2002-11-17,femme,2
609,FAYE,AVILA,AVILA609@gmail.com,1961-12-26,femme,3
610,ADA,VANCE,VANCE610@gmail.com,1952-05-01,femme,2
611,NATASHA,RICH,RICH611@gmail.com,2012-08-13,femme,2
612,SABRINA,BLACKWELL,BLACKWELL612@gmail.com,2014-05-27,femme,1
613,ISABEL,YORK,YORK613@gmail.com,2000-04-11,femme,1
614,MARGUERITE,JOHNS,JOHNS614@gmail.com,1981-03-29,femme,2
615,HATTIE,BLANKENSHIP,BLANKENSHIP615@gmail.com,1946-12-16,femme,1
616,HARRIET,TREVINO,TREVINO616@gmail.com,2009-08-20,femme,3
617,MOLLY,SALINAS,SALINAS617@gmail.com,1930-01-04,femme,3
618,CECILIA,CAMPOS,CAMPOS618@gmail.com,1987-02-16,femme,2
619,KRISTI,PRUITT,PRUITT619@gmail.com,2007-03-14,femme,1
620,BRANDI,MOSES,MOSES620@gmail.com,2005-12-05,femme,1
621,BLANCHE,CALLAHAN,CALLAHAN621@gmail.com,1970-12-16,femme,1
622,SANDY,GOLDEN,GOLDEN622@gmail.com,1984-12-13,femme,3
623,ROSIE,MONTOYA,MONTOYA623@gmail.com,1952-02-18,femme,3
624,JOANNA,HARDIN,HARDIN624@gmail.com,2010-09-20,femme,2
625,IRIS,GUERRA,GUERRA625@gmail.com,1984-10-15,femme,2
626,EUNICE,MCDOWELL,MCDOWELL626@gmail.com,1936-01-12,femme,2
627,ANGIE,CAREY,CAREY627@gmail.com,1989-10-13,femme,2
628,INEZ,STAFFORD,STAFFORD628@gmail.com,1990-04-10,femme,1
629,LYNDA,GALLEGOS,GALLEGOS629@gmail.com,2004-01-06,femme,3
630,MADELINE,HENSON,HENSON630@gmail.com,1994-05-15,femme,1
631,AMELIA,WILKINSON,WILKINSON631@gmail.com,1976-04-04,femme,3
632,ALBERTA,BOOKER,BOOKER632@gmail.com,1979-02-03,femme,3
633,GENEVIEVE,MERRITT,MERRITT633@gmail.com,1956-05-17,femme,3
634,MONIQUE,MIRANDA,MIRANDA634@gmail.com,1972-07-06,femme,2
635,JODI,ATKINSON,ATKINSON635@gmail.com,1983-04-11,femme,3
636,JANIE,ORR,ORR636@gmail.com,1988-10-21,femme,1
637,MAGGIE,DECKER,DECKER637@gmail.com,1946-06-01,femme,1
638,KAYLA,HOBBS,HOBBS638@gmail.com,1952-02-19,femme,1
639,SONYA,PRESTON,PRESTON639@gmail.com,1944-05-02,femme,1
640,JAN,TANNER,TANNER640@gmail.com,1996-09-09,femme,1
641,LEE,KNOX,KNOX641@gmail.com,1955-05-10,femme,2
642,KRISTINE,PACHECO,PACHECO642@gmail.com,2002-07-06,femme,1
643,CANDACE,STEPHENSON,STEPHENSON643@gmail.com,1940-05-21,femme,3
644,FANNIE,GLASS,GLASS644@gmail.com,1964-01-21,femme,1
645,MARYANN,ROJAS,ROJAS645@gmail.com,1955-04-21,femme,1
646,OPAL,SERRANO,SERRANO646@gmail.com,1971-11-24,femme,3
647,ALISON,MARKS,MARKS647@gmail.com,1989-02-28,femme,2
648,YVETTE,HICKMAN,HICKMAN648@gmail.com,1960-09-28,femme,1
649,MELODY,ENGLISH,ENGLISH649@gmail.com,2010-02-12,femme,1
650,LUZ,SWEENEY,SWEENEY650@gmail.com,1937-09-10,femme,3
651,SUSIE,STRONG,STRONG651@gmail.com,1950-07-30,femme,3
652,OLIVIA,PRINCE,PRINCE652@gmail.com,1982-08-09,femme,3
653,FLORA,MCCLURE,MCCLURE653@gmail.com,2009-03-19,femme,3
654,SHELLEY,CONWAY,CONWAY654@gmail.com,2007-04-06,femme,1
655,KRISTY,WALTER,WALTER655@gmail.com,1993-10-04,femme,1
656,MAMIE,ROTH,ROTH656@gmail.com,2006-10-30,femme,2
657,LULA,MAYNARD,MAYNARD657@gmail.com,2012-10-29,femme,1
658,LOLA,FARRELL,FARRELL658@gmail.com,1951-10-23,femme,1
659,VERNA,LOWERY,LOWERY659@gmail.com,1985-03-01,femme,3
660,BEULAH,HURST,HURST660@gmail.com,1973-06-09,femme,2
661,ANTOINETTE,NIXON,NIXON661@gmail.com,1984-08-23,femme,1
662,CANDICE,WEISS,WEISS662@gmail.com,1977-02-12,femme,2
663,JUANA,TRUJILLO,TRUJILLO663@gmail.com,1954-07-26,femme,3
664,JEANNETTE,ELLISON,ELLISON664@gmail.com,1979-09-03,femme,3
665,PAM,SLOAN,SLOAN665@gmail.com,2009-12-30,femme,2
666,KELLI,JUAREZ,JUAREZ666@gmail.com,1935-01-15,femme,3
667,HANNAH,WINTERS,WINTERS667@gmail.com,1955-05-29,femme,1
668,WHITNEY,MCLEAN,MCLEAN668@gmail.com,1936-12-29,femme,1
669,BRIDGET,RANDOLPH,RANDOLPH669@gmail.com,1972-12-17,femme,2
670,KARLA,LEON,LEON670@gmail.com,1993-03-29,femme,1
671,CELIA,BOYER,BOYER671@gmail.com,1931-12-15,femme,3
672,LATOYA,VILLARREAL,VILLARREAL672@gmail.com,1971-11-21,femme,1
673,PATTY,MCCALL,MCCALL673@gmail.com,1947-10-08,femme,1
674,SHELIA,GENTRY,GENTRY674@gmail.com,1988-09-09,femme,2
675,GAYLE,CARRILLO,CARRILLO675@gmail.com,1988-04-13,femme,3
676,DELLA,KENT,KENT676@gmail.com,1981-08-08,femme,3
677,VICKY,AYERS,AYERS677@gmail.com,1990-09-13,femme,1
678,LYNNE,LARA,LARA678@gmail.com,2009-04-18,femme,2
679,SHERI,SHANNON,SHANNON679@gmail.com,1966-07-10,femme,2
680,MARIANNE,SEXTON,SEXTON680@gmail.com,1966-02-14,femme,3
681,KARA,PACE,PACE681@gmail.com,1958-11-04,femme,3
682,JACQUELYN,HULL,HULL682@gmail.com,1957-05-09,femme,1
683,ERMA,LEBLANC,LEBLANC683@gmail.com,1965-12-10,femme,2
684,BLANCA,BROWNING,BROWNING684@gmail.com,2003-10-23,femme,3
685,MYRA,VELASQUEZ,VELASQUEZ685@gmail.com,1960-09-03,femme,2
686,LETICIA,LEACH,LEACH686@gmail.com,1951-05-06,femme,1
687,PAT,CHANG,CHANG687@gmail.com,1974-08-30,femme,3
688,KRISTA,HOUSE,HOUSE688@gmail.com,1969-02-28,femme,3
689,ROXANNE,SELLERS,SELLERS689@gmail.com,1959-02-20,femme,2
690,ANGELICA,HERRING,HERRING690@gmail.com,1979-10-26,femme,2
691,JOHNNIE,NOBLE,NOBLE691@gmail.com,1954-08-20,femme,1
692,ROBYN,FOLEY,FOLEY692@gmail.com,1981-05-18,femme,3
693,FRANCIS,BARTLETT,BARTLETT693@gmail.com,1948-12-02,femme,3
694,ADRIENNE,MERCADO,MERCADO694@gmail.com,1964-08-23,femme,3
695,ROSALIE,LANDRY,LANDRY695@gmail.com,1990-05-21,femme,1
696,ALEXANDRA,DURHAM,DURHAM696@gmail.com,1955-10-17,femme,1
697,BROOKE,WALLS,WALLS697@gmail.com,1961-09-17,femme,3
698,BETHANY,BARR,BARR698@gmail.com,1957-05-20,femme,3
699,SADIE,MCKEE,MCKEE699@gmail.com,1983-01-20,femme,2
700,BERNADETTE,BAUER,BAUER700@gmail.com,1940-11-10,femme,1
701,TRACI,RIVERS,RIVERS701@gmail.com,1985-10-09,femme,3
702,JODY,EVERETT,EVERETT702@gmail.com,1944-11-19,femme,3
703,KENDRA,BRADSHAW,BRADSHAW703@gmail.com,1982-11-01,femme,2
704,JASMINE,PUGH,PUGH704@gmail.com,1954-08-13,femme,3
705,NICHOLE,VELEZ,VELEZ705@gmail.com,1984-03-14,femme,3
706,RACHAEL,RUSH,RUSH706@gmail.com,2011-04-21,femme,2
707,CHELSEA,ESTES,ESTES707@gmail.com,1972-06-14,femme,3
708,MABLE,DODSON,DODSON708@gmail.com,1930-05-12,femme,2
709,ERNESTINE,MORSE,MORSE709@gmail.com,1936-07-02,femme,3
710,MURIEL,SHEPPARD,SHEPPARD710@gmail.com,1933-01-08,femme,1
711,MARCELLA,WEEKS,WEEKS711@gmail.com,1968-08-24,femme,3
712,ELENA,CAMACHO,CAMACHO712@gmail.com,1936-09-26,femme,3
713,KRYSTAL,BEAN,BEAN713@gmail.com,1988-11-24,femme,3
714,ANGELINA,BARRON,BARRON714@gmail.com,1990-10-16,femme,3
715,NADINE,LIVINGSTON,LIVINGSTON715@gmail.com,1968-12-05,femme,3
716,KARI,MIDDLETON,MIDDLETON716@gmail.com,1980-04-03,femme,2
717,ESTELLE,SPEARS,SPEARS717@gmail.com,1950-10-17,femme,2
718,DIANNA,BRANCH,BRANCH718@gmail.com,1980-08-11,femme,3
719,PAULETTE,BLEVINS,BLEVINS719@gmail.com,1990-06-17,femme,2
720,LORA,CHEN,CHEN720@gmail.com,2005-04-07,femme,1
721,MONA,KERR,KERR721@gmail.com,1936-06-28,femme,3
722,DOREEN,MCCONNELL,MCCONNELL722@gmail.com,1985-02-14,femme,3
723,ROSEMARIE,HATFIELD,HATFIELD723@gmail.com,1932-05-18,femme,3
724,ANGEL,HARDING,HARDING724@gmail.com,1972-12-30,femme,2
725,DESIREE,ASHLEY,ASHLEY725@gmail.com,1993-05-08,femme,2
726,ANTONIA,SOLIS,SOLIS726@gmail.com,1986-07-02,femme,3
727,HOPE,HERMAN,HERMAN727@gmail.com,1995-11-21,femme,1
728,GINGER,FROST,FROST728@gmail.com,1955-02-28,femme,1
729,JANIS,GILES,GILES729@gmail.com,1945-04-22,femme,1
730,BETSY,BLACKBURN,BLACKBURN730@gmail.com,2010-03-09,femme,2
731,CHRISTIE,WILLIAM,WILLIAM731@gmail.com,1976-01-02,femme,2
732,FREDA,PENNINGTON,PENNINGTON732@gmail.com,1949-04-16,femme,3
733,MERCEDES,WOODWARD,WOODWARD733@gmail.com,1937-09-16,femme,1
734,MEREDITH,FINLEY,FINLEY734@gmail.com,1968-01-28,femme,3
735,LYNETTE,MCINTOSH,MCINTOSH735@gmail.com,1941-09-22,femme,2
736,TERI,KOCH,KOCH736@gmail.com,1955-04-30,femme,2
737,CRISTINA,BEST,BEST737@gmail.com,1954-07-13,femme,1
738,EULA,SOLOMON,SOLOMON738@gmail.com,2014-09-19,femme,3
739,LEIGH,MCCULLOUGH,MCCULLOUGH739@gmail.com,1984-02-17,femme,2
740,MEGHAN,DUDLEY,DUDLEY740@gmail.com,1944-04-07,femme,3
741,SOPHIA,NOLAN,NOLAN741@gmail.com,2006-08-05,femme,3
742,ELOISE,BLANCHARD,BLANCHARD742@gmail.com,2004-03-25,femme,2
743,ROCHELLE,RIVAS,RIVAS743@gmail.com,1940-08-24,femme,3
744,GRETCHEN,BRENNAN,BRENNAN744@gmail.com,1975-05-22,femme,2
745,CECELIA,MEJIA,MEJIA745@gmail.com,1982-10-15,femme,2
746,RAQUEL,KANE,KANE746@gmail.com,2000-10-14,femme,2
747,HENRIETTA,BENTON,BENTON747@gmail.com,1963-10-22,femme,3
748,ALYSSA,JOYCE,JOYCE748@gmail.com,1991-01-07,femme,3
749,JANA,BUCKLEY,BUCKLEY749@gmail.com,1940-10-30,femme,1
750,KELLEY,HALEY,HALEY750@gmail.com,1998-03-29,femme,2
751,GWEN,VALENTINE,VALENTINE751@gmail.com,1986-05-13,femme,2
752,KERRY,MADDOX,MADDOX752@gmail.com,2008-05-10,femme,3
753,JENNA,RUSSO,RUSSO753@gmail.com,1935-04-15,femme,3
754,TRICIA,MCKNIGHT,MCKNIGHT754@gmail.com,1965-09-17,femme,3
755,LAVERNE,BUCK,BUCK755@gmail.com,1944-10-07,femme,3
756,OLIVE,MOON,MOON756@gmail.com,1938-02-09,femme,3
757,ALEXIS,MCMILLAN,MCMILLAN757@gmail.com,1968-08-13,femme,2
758,TASHA,CROSBY,CROSBY758@gmail.com,1967-07-23,femme,1
759,SILVIA,BERG,BERG759@gmail.com,1948-08-04,femme,1
760,ELVIRA,DOTSON,DOTSON760@gmail.com,1994-07-05,femme,3
761,CASEY,MAYS,MAYS761@gmail.com,1932-09-01,femme,3
762,DELIA,ROACH,ROACH762@gmail.com,2006-06-02,femme,1
763,SOPHIE,CHURCH,CHURCH763@gmail.com,1950-03-02,femme,1
764,KATE,CHAN,CHAN764@gmail.com,1962-02-04,femme,3
765,PATTI,RICHMOND,RICHMOND765@gmail.com,1947-01-06,femme,1
766,LORENA,MEADOWS,MEADOWS766@gmail.com,1932-02-21,femme,3
767,KELLIE,FAULKNER,FAULKNER767@gmail.com,1961-06-23,femme,1
768,SONJA,ONEILL,ONEILL768@gmail.com,2001-09-04,femme,1
769,LILA,KNAPP,KNAPP769@gmail.com,1937-12-27,femme,1
770,LANA,KLINE,KLINE770@gmail.com,1996-10-08,femme,2
771,DARLA,BARRY,BARRY771@gmail.com,1998-07-05,femme,2
772,MAY,OCHOA,OCHOA772@gmail.com,1969-01-28,femme,3
773,MINDY,JACOBSON,JACOBSON773@gmail.com,2005-02-06,femme,3
774,ESSIE,GAY,GAY774@gmail.com,1940-03-20,femme,3
775,MANDY,AVERY,AVERY775@gmail.com,1975-04-16,femme,3
776,LORENE,HENDRICKS,HENDRICKS776@gmail.com,1954-10-27,femme,2
777,ELSA,HORNE,HORNE777@gmail.com,1999-11-24,femme,1
778,JOSEFINA,SHEPARD,SHEPARD778@gmail.com,2003-03-15,femme,3
779,JEANNIE,HEBERT,HEBERT779@gmail.com,1957-08-06,femme,2
780,MIRANDA,CHERRY,CHERRY780@gmail.com,2006-05-23,femme,2
781,DIXIE,CARDENAS,CARDENAS781@gmail.com,1960-05-02,femme,2
782,LUCIA,MCINTYRE,MCINTYRE782@gmail.com,1931-11-22,femme,3
783,MARTA,WHITNEY,WHITNEY783@gmail.com,1996-12-02,femme,1
784,FAITH,WALLER,WALLER784@gmail.com,1942-05-18,femme,2
785,LELA,HOLMAN,HOLMAN785@gmail.com,1934-09-11,femme,3
786,JOHANNA,DONALDSON,DONALDSON786@gmail.com,1976-12-11,femme,1
787,SHARI,CANTU,CANTU787@gmail.com,1955-05-07,femme,2
788,CAMILLE,TERRELL,TERRELL788@gmail.com,1942-09-23,femme,2
789,TAMI,MORIN,MORIN789@gmail.com,2004-03-21,femme,2
790,SHAWNA,GILLESPIE,GILLESPIE790@gmail.com,1945-11-10,femme,1
791,ELISA,FUENTES,FUENTES791@gmail.com,1960-01-28,femme,1
792,EBONY,TILLMAN,TILLMAN792@gmail.com,1992-03-29,femme,1
793,MELBA,SANFORD,SANFORD793@gmail.com,2010-04-23,femme,2
794,ORA,BENTLEY,BENTLEY794@gmail.com,2008-05-20,femme,1
795,NETTIE,PECK,PECK795@gmail.com,2008-07-27,femme,1
796,TABITHA,KEY,KEY796@gmail.com,1944-04-20,femme,3
797,OLLIE,SALAS,SALAS797@gmail.com,1962-08-20,femme,1
798,JAIME,ROLLINS,ROLLINS798@gmail.com,1936-01-25,femme,1
799,WINIFRED,GAMBLE,GAMBLE799@gmail.com,1999-11-23,femme,1
800,KRISTIE,DICKSON,DICKSON800@gmail.com,1967-11-27,femme,2
801,MARINA,BATTLE,BATTLE801@gmail.com,1952-09-02,femme,3
802,ALISHA,SANTANA,SANTANA802@gmail.com,1982-05-27,femme,1
803,AIMEE,CABRERA,CABRERA803@gmail.com,1980-02-28,femme,1
804,RENA,CERVANTES,CERVANTES804@gmail.com,1934-11-17,femme,2
805,MYRNA,HOWE,HOWE805@gmail.com,1987-08-10,femme,2
806,MARLA,HINTON,HINTON806@gmail.com,1976-05-29,femme,1
807,TAMMIE,HURLEY,HURLEY807@gmail.com,1992-09-06,femme,3
808,LATASHA,SPENCE,SPENCE808@gmail.com,1966-02-06,femme,3
809,BONITA,ZAMORA,ZAMORA809@gmail.com,2004-05-25,femme,2
810,PATRICE,YANG,YANG810@gmail.com,1965-12-13,femme,2
811,RONDA,MCNEIL,MCNEIL811@gmail.com,1970-08-19,femme,1
812,SHERRIE,SUAREZ,SUAREZ812@gmail.com,1986-06-09,femme,3
813,ADDIE,CASE,CASE813@gmail.com,1995-07-16,femme,2
814,FRANCINE,PETTY,PETTY814@gmail.com,1994-10-15,femme,2
815,DELORIS,GOULD,GOULD815@gmail.com,2012-08-05,femme,2
816,STACIE,MCFARLAND,MCFARLAND816@gmail.com,1991-12-17,femme,3
817,ADRIANA,SAMPSON,SAMPSON817@gmail.com,1946-04-17,femme,2
818,CHERI,CARVER,CARVER818@gmail.com,1984-12-30,femme,3
819,SHELBY,BRAY,BRAY819@gmail.com,1984-03-26,femme,1
820,ABIGAIL,ROSARIO,ROSARIO820@gmail.com,1978-10-13,femme,2
821,CELESTE,MACDONALD,MACDONALD821@gmail.com,1952-10-14,femme,1
822,JEWEL,STOUT,STOUT822@gmail.com,1934-03-14,femme,2
823,CARA,HESTER,HESTER823@gmail.com,1938-09-15,femme,1
824,ADELE,MELENDEZ,MELENDEZ824@gmail.com,1974-11-16,femme,1
825,REBEKAH,DILLON,DILLON825@gmail.com,1978-07-29,femme,3
826,LUCINDA,FARLEY,FARLEY826@gmail.com,1982-01-29,femme,3
827,DORTHY,HOPPER,HOPPER827@gmail.com,1962-01-27,femme,1
828,CHRIS,GALLOWAY,GALLOWAY828@gmail.com,2003-09-16,femme,2
829,EFFIE,POTTS,POTTS829@gmail.com,2000-01-23,femme,3
830,TRINA,BERNARD,BERNARD830@gmail.com,1969-05-20,femme,2
831,REBA,JOYNER,JOYNER831@gmail.com,1942-05-25,femme,1
832,SHAWN,STEIN,STEIN832@gmail.com,2014-09-02,femme,3
833,SALLIE,AGUIRRE,AGUIRRE833@gmail.com,1936-06-11,femme,2
834,AURORA,OSBORN,OSBORN834@gmail.com,2013-02-24,femme,3
835,LENORA,MERCER,MERCER835@gmail.com,1975-11-27,femme,2
836,ETTA,BENDER,BENDER836@gmail.com,1978-07-23,femme,1
837,LOTTIE,FRANCO,FRANCO837@gmail.com,2012-06-07,femme,2
838,KERRI,ROWLAND,ROWLAND838@gmail.com,1988-01-21,femme,3
839,TRISHA,SYKES,SYKES839@gmail.com,1974-12-24,femme,3
840,NIKKI,BENJAMIN,BENJAMIN840@gmail.com,1936-07-15,femme,1
841,ESTELLA,TRAVIS,TRAVIS841@gmail.com,2008-03-29,femme,1
842,FRANCISCA,PICKETT,PICKETT842@gmail.com,1996-01-17,femme,1
843,JOSIE,CRANE,CRANE843@gmail.com,1930-10-10,femme,3
844,TRACIE,SEARS,SEARS844@gmail.com,1950-02-01,femme,1
845,MARISSA,MAYO,MAYO845@gmail.com,1958-03-06,femme,2
846,KARIN,DUNLAP,DUNLAP846@gmail.com,1984-01-20,femme,1
847,BRITTNEY,HAYDEN,HAYDEN847@gmail.com,1997-03-06,femme,1
848,JANELLE,WILDER,WILDER848@gmail.com,1994-03-11,femme,2
849,LOURDES,MCKAY,MCKAY849@gmail.com,1993-02-01,femme,3
850,LAUREL,COFFEY,COFFEY850@gmail.com,1951-12-07,femme,2
851,HELENE,MCCARTY,MCCARTY851@gmail.com,1979-01-10,femme,2
852,FERN,EWING,EWING852@gmail.com,1965-12-25,femme,1
853,ELVA,COOLEY,COOLEY853@gmail.com,1990-11-09,femme,3
854,CORINNE,VAUGHAN,VAUGHAN854@gmail.com,1981-06-02,femme,3
855,KELSEY,BONNER,BONNER855@gmail.com,1971-06-05,femme,1
856,INA,COTTON,COTTON856@gmail.com,1954-09-14,femme,3
857,BETTIE,HOLDER,HOLDER857@gmail.com,1935-07-26,femme,2
858,ELISABETH,STARK,STARK858@gmail.com,1947-07-30,femme,3
859,AIDA,FERRELL,FERRELL859@gmail.com,1938-11-26,femme,2
860,CAITLIN,CANTRELL,CANTRELL860@gmail.com,1978-05-23,femme,2
861,INGRID,FULTON,FULTON861@gmail.com,1963-07-06,femme,1
862,IVA,LYNN,LYNN862@gmail.com,1946-10-14,femme,3
863,EUGENIA,LOTT,LOTT863@gmail.com,1973-07-24,femme,2
864,CHRISTA,CALDERON,CALDERON864@gmail.com,1985-03-07,femme,2
865,GOLDIE,ROSA,ROSA865@gmail.com,1995-05-09,femme,2
866,CASSIE,POLLARD,POLLARD866@gmail.com,1944-01-15,femme,3
867,MAUDE,HOOPER,HOOPER867@gmail.com,1955-06-13,femme,1
868,JENIFER,BURCH,BURCH868@gmail.com,1987-03-22,femme,3
869,THERESE,MULLEN,MULLEN869@gmail.com,1979-10-28,femme,1
870,FRANKIE,FRY,FRY870@gmail.com,1945-05-15,femme,2
871,DENA,RIDDLE,RIDDLE871@gmail.com,1969-11-01,femme,2
872,LORNA,LEVY,LEVY872@gmail.com,1942-03-10,femme,3
873,JANETTE,DAVID,DAVID873@gmail.com,1976-11-16,femme,2
874,LATONYA,DUKE,DUKE874@gmail.com,1988-02-05,femme,1
875,CANDY,ODONNELL,ODONNELL875@gmail.com,1968-10-27,femme,1
876,MORGAN,GUY,GUY876@gmail.com,1985-09-01,femme,3
877,CONSUELO,MICHAEL,MICHAEL877@gmail.com,2011-12-27,femme,1
878,TAMIKA,BRITT,BRITT878@gmail.com,1993-08-24,femme,3
879,ROSETTA,FREDERICK,FREDERICK879@gmail.com,1942-07-15,femme,3
880,DEBORA,DAUGHERTY,DAUGHERTY880@gmail.com,1976-08-10,femme,1
881,CHERIE,BERGER,BERGER881@gmail.com,1995-04-15,femme,3
882,POLLY,DILLARD,DILLARD882@gmail.com,1934-10-20,femme,3
883,DINA,ALSTON,ALSTON883@gmail.com,1997-11-27,femme,3
884,JEWELL,JARVIS,JARVIS884@gmail.com,2010-09-05,femme,3
885,FAY,FRYE,FRYE885@gmail.com,1996-06-22,femme,3
886,JILLIAN,RIGGS,RIGGS886@gmail.com,1987-12-22,femme,2
887,DOROTHEA,CHANEY,CHANEY887@gmail.com,1959-08-06,femme,1
888,NELL,ODOM,ODOM888@gmail.com,1958-05-23,femme,2
889,TRUDY,DUFFY,DUFFY889@gmail.com,1967-02-26,femme,1
890,ESPERANZA,FITZPATRICK,FITZPATRICK890@gmail.com,1975-10-29,femme,2
891,PATRICA,VALENZUELA,VALENZUELA891@gmail.com,1971-12-05,femme,2
892,KIMBERLEY,MERRILL,MERRILL892@gmail.com,1945-02-05,femme,2
893,SHANNA,MAYER,MAYER893@gmail.com,1969-06-16,femme,1
894,HELENA,ALFORD,ALFORD894@gmail.com,1935-11-16,femme,1
895,CAROLINA,MCPHERSON,MCPHERSON895@gmail.com,2004-04-05,femme,1
896,CLEO,ACEVEDO,ACEVEDO896@gmail.com,2004-02-10,femme,3
897,STEFANIE,DONOVAN,DONOVAN897@gmail.com,2013-10-23,femme,1
898,ROSARIO,BARRERA,BARRERA898@gmail.com,1980-09-27,femme,3
899,OLA,ALBERT,ALBERT899@gmail.com,2011-10-14,femme,3
900,JANINE,COTE,COTE900@gmail.com,1985-01-12,femme,2
901,MOLLIE,REILLY,REILLY901@gmail.com,1947-04-13,femme,2
902,LUPE,COMPTON,COMPTON902@gmail.com,1971-06-07,femme,2
903,ALISA,RAYMOND,RAYMOND903@gmail.com,1954-10-05,femme,2
904,LOU,MOONEY,MOONEY904@gmail.com,2000-04-21,femme,1
905,MARIBEL,MCGOWAN,MCGOWAN905@gmail.com,1981-03-07,femme,3
906,SUSANNE,CRAFT,CRAFT906@gmail.com,1969-09-24,femme,1
907,BETTE,CLEVELAND,CLEVELAND907@gmail.com,1940-11-11,femme,2
908,SUSANA,CLEMONS,CLEMONS908@gmail.com,1970-01-24,femme,1
909,ELISE,WYNN,WYNN909@gmail.com,1970-01-04,femme,3
910,CECILE,NIELSEN,NIELSEN910@gmail.com,1935-04-10,femme,3
911,ISABELLE,BAIRD,BAIRD911@gmail.com,1934-09-06,femme,2
912,LESLEY,STANTON,STANTON912@gmail.com,1961-09-30,femme,3
913,JOCELYN,SNIDER,SNIDER913@gmail.com,1968-08-06,femme,2
914,PAIGE,ROSALES,ROSALES914@gmail.com,1992-03-26,femme,2
915,JONI,BRIGHT,BRIGHT915@gmail.com,1952-12-15,femme,3
916,RACHELLE,WITT,WITT916@gmail.com,1987-08-30,femme,3
917,LEOLA,STUART,STUART917@gmail.com,1942-02-26,femme,2
918,DAPHNE,HAYS,HAYS918@gmail.com,2010-07-22,femme,1
919,ALTA,HOLDEN,HOLDEN919@gmail.com,1989-03-06,femme,2
920,ESTER,RUTLEDGE,RUTLEDGE920@gmail.com,1956-12-25,femme,1
921,PETRA,KINNEY,KINNEY921@gmail.com,1979-03-07,femme,3
922,GRACIELA,CLEMENTS,CLEMENTS922@gmail.com,2009-01-06,femme,3
923,IMOGENE,CASTANEDA,CASTANEDA923@gmail.com,1986-08-04,femme,1
924,JOLENE,SLATER,SLATER924@gmail.com,2007-03-14,femme,1
925,KEISHA,HAHN,HAHN925@gmail.com,1930-09-16,femme,2
926,LACEY,EMERSON,EMERSON926@gmail.com,1981-08-05,femme,2
927,GLENNA,CONRAD,CONRAD927@gmail.com,1973-06-12,femme,2
928,GABRIELA,BURKS,BURKS928@gmail.com,1967-03-23,femme,3
929,KERI,DELANEY,DELANEY929@gmail.com,1943-05-17,femme,1
930,URSULA,PATE,PATE930@gmail.com,1959-02-19,femme,1
931,LIZZIE,LANCASTER,LANCASTER931@gmail.com,1991-03-17,femme,1
932,KIRSTEN,SWEET,SWEET932@gmail.com,1936-08-04,femme,1
933,SHANA,JUSTICE,JUSTICE933@gmail.com,1969-07-10,femme,2
934,ADELINE,TYSON,TYSON934@gmail.com,1938-10-23,femme,1
935,MAYRA,SHARPE,SHARPE935@gmail.com,1958-12-30,femme,1
936,JAYNE,WHITFIELD,WHITFIELD936@gmail.com,1941-09-27,femme,2
937,JACLYN,TALLEY,TALLEY937@gmail.com,1990-12-21,femme,2
938,GRACIE,MACIAS,MACIAS938@gmail.com,2004-09-07,femme,1
939,SONDRA,IRWIN,IRWIN939@gmail.com,2000-11-11,femme,2
940,CARMELA,BURRIS,BURRIS940@gmail.com,1968-04-15,femme,1
941,MARISA,RATLIFF,RATLIFF941@gmail.com,1974-10-02,femme,1
942,ROSALIND,MCCRAY,MCCRAY942@gmail.com,1943-08-27,femme,2
943,CHARITY,MADDEN,MADDEN943@gmail.com,1970-04-17,femme,3
944,TONIA,KAUFMAN,KAUFMAN944@gmail.com,1975-05-25,femme,1
945,BEATRIZ,BEACH,BEACH945@gmail.com,1941-03-27,femme,1
946,MARISOL,GOFF,GOFF946@gmail.com,1972-06-25,femme,1
947,CLARICE,CASH,CASH947@gmail.com,1976-03-22,femme,3
948,JEANINE,BOLTON,BOLTON948@gmail.com,1935-11-17,femme,3
949,SHEENA,MCFADDEN,MCFADDEN949@gmail.com,1992-01-25,femme,1
950,ANGELINE,LEVINE,LEVINE950@gmail.com,1974-08-11,femme,1
951,FRIEDA,GOOD,GOOD951@gmail.com,1941-04-11,femme,3
952,LILY,BYERS,BYERS952@gmail.com,1940-06-05,femme,1
953,ROBBIE,KIRKLAND,KIRKLAND953@gmail.com,1933-09-20,femme,2
954,SHAUNA,KIDD,KIDD954@gmail.com,1957-12-16,femme,2
955,MILLIE,WORKMAN,WORKMAN955@gmail.com,1948-07-18,femme,1
956,CLAUDETTE,CARNEY,CARNEY956@gmail.com,1981-07-02,femme,1
957,CATHLEEN,DALE,DALE957@gmail.com,1939-08-14,femme,2
958,ANGELIA,MCLEOD,MCLEOD958@gmail.com,1931-06-17,femme,3
959,GABRIELLE,HOLCOMB,HOLCOMB959@gmail.com,1988-08-03,femme,2
960,AUTUMN,ENGLAND,ENGLAND960@gmail.com,1999-03-02,femme,1
961,KATHARINE,FINCH,FINCH961@gmail.com,1957-08-04,femme,3
962,SUMMER,HEAD,HEAD962@gmail.com,1945-07-04,femme,3
963,JODIE,BURT,BURT963@gmail.com,1975-04-14,femme,3
964,STACI,HENDRIX,HENDRIX964@gmail.com,1995-11-22,femme,3
965,LEA,SOSA,SOSA965@gmail.com,1960-06-07,femme,1
966,CHRISTI,HANEY,HANEY966@gmail.com,1978-08-14,femme,1
967,JIMMIE,FRANKS,FRANKS967@gmail.com,1941-07-23,femme,2
968,JUSTINE,SARGENT,SARGENT968@gmail.com,1996-01-04,femme,1
969,ELMA,NIEVES,NIEVES969@gmail.com,1966-05-01,femme,3
970,LUELLA,DOWNS,DOWNS970@gmail.com,1997-02-28,femme,2
971,MARGRET,RASMUSSEN,RASMUSSEN971@gmail.com,1999-10-19,femme,3
972,DOMINIQUE,BIRD,BIRD972@gmail.com,1937-03-02,femme,2
973,SOCORRO,HEWITT,HEWITT973@gmail.com,1965-04-06,femme,3
974,RENE,LINDSAY,LINDSAY974@gmail.com,1964-04-23,femme,1
975,MARTINA,LE,LE975@gmail.com,2013-07-26,femme,2
976,MARGO,FOREMAN,FOREMAN976@gmail.com,1963-07-15,femme,2
977,MAVIS,VALENCIA,VALENCIA977@gmail.com,1968-08-03,femme,1
978,CALLIE,ONEIL,ONEIL978@gmail.com,1940-11-02,femme,1
979,BOBBI,DELACRUZ,DELACRUZ979@gmail.com,1934-07-17,femme,3
980,MARITZA,VINSON,VINSON980@gmail.com,1967-02-22,femme,1
981,LUCILE,DEJESUS,DEJESUS981@gmail.com,2000-05-11,femme,2
982,LEANNE,HYDE,HYDE982@gmail.com,1937-12-24,femme,2
983,JEANNINE,FORBES,FORBES983@gmail.com,1957-03-28,femme,1
984,DEANA,GILLIAM,GILLIAM984@gmail.com,1988-08-21,femme,1
985,AILEEN,GUTHRIE,GUTHRIE985@gmail.com,1987-02-17,femme,3
986,LORIE,WOOTEN,WOOTEN986@gmail.com,1941-08-29,femme,1
987,LADONNA,HUBER,HUBER987@gmail.com,1964-02-06,femme,3
988,WILLA,BARLOW,BARLOW988@gmail.com,1938-11-03,femme,1
989,MANUELA,BOYLE,BOYLE989@gmail.com,1939-10-10,femme,2
990,GALE,MCMAHON,MCMAHON990@gmail.com,1967-05-21,femme,1
991,SELMA,BUCKNER,BUCKNER991@gmail.com,1992-10-17,femme,2
992,DOLLY,ROCHA,ROCHA992@gmail.com,1938-08-24,femme,1
993,SYBIL,PUCKETT,PUCKETT993@gmail.com,2008-04-01,femme,3
994,ABBY,LANGLEY,LANGLEY994@gmail.com,1997-05-09,femme,1
995,LARA,KNOWLES,KNOWLES995@gmail.com,1962-01-22,femme,1
996,DALE,COOKE,COOKE996@gmail.com,1990-06-27,femme,3
997,IVY,VELAZQUEZ,VELAZQUEZ997@gmail.com,1984-04-18,femme,2
998,DEE,WHITLEY,WHITLEY998@gmail.com,1988-03-12,femme,3
999,WINNIE,NOEL,NOEL999@gmail.com,1951-12-29,femme,1
1000,MARCY,VANG,VANG1000@gmail.com,1945-01-21,femme,1
